{
    "train": {
        "loss": 1.321947693824768,
        "acc": 0.5939666666666666
    },
    "test": {
        "loss": 1.3305621147155762,
        "acc": 0.5882
    },
    "step": 14
}
