{
    "train": {
        "loss": 0.9777776002883911,
        "acc": 0.6701666666666667
    },
    "test": {
        "loss": 0.9642009735107422,
        "acc": 0.675
    },
    "step": 14
}