{
    "train": {
        "loss": 0.6734738349914551,
        "acc": 0.7873166666666667
    },
    "test": {
        "loss": 0.6621946096420288,
        "acc": 0.7918
    },
    "step": 14
}