{
    "train": {
        "loss": 0.5164332985877991,
        "acc": 0.8319666666666666
    },
    "test": {
        "loss": 0.4996429681777954,
        "acc": 0.843
    },
    "step": 49
}
