{
    "loss_train": 0.9731049537658691,
    "acc_train": 0.7694,
    "loss_test": 0.9596208930015564,
    "acc_test": 0.7735,
    "step": 14
}