{
    "train": {
        "loss": 0.9731049537658691,
        "acc": 0.7694
    },
    "test": {
        "loss": 0.9596208930015564,
        "acc": 0.7735
    },
    "step": 14
}
