{
    "train": {
        "loss": 0.04440963268280029,
        "acc": 0.9854333333333334
    },
    "test": {
        "loss": 0.1280510276556015,
        "acc": 0.9698
    },
    "step": 999
}
