{
    "train": {
        "loss": 0.9768482446670532,
        "acc": 0.7579
    },
    "test": {
        "loss": 0.963425874710083,
        "acc": 0.7638
    },
    "step": 14
}
